Column1,Column2,Column3,Column4
5.811079115798377,2.7168158844130206,4.2939071552979,1.363824960758272
5.009304604477791,3.42005950969223,1.4481009611782643,0.24917604557115575
6.809536033497366,3.0436612212274246,5.634703937371287,2.029097897815409
